Model,MAE,RMSE,MAPE
Random Forest,37.796113140499976,55.01375055762179,103.58038160011576
